0,BTC_STEEM,1 min,2021-07-11 23:26:49.295003,0.00001202,0.00001202,0.00001202,0.00001202
1,BTC_EOS,1 min,2021-07-11 23:26:48.685898,0.00012572,0.00012559,0.00012590,0.00012574
2,BTC_ATOM,1 min,2021-07-11 23:26:36.486523,0.00040401,0.00040401,0.00040401,0.00040401
3,BTC_MATIC,1 min,2021-07-11 23:26:38.969626,0.00003041,0.00003041,0.00003041,0.00003041
4,BTC_BCH,1 min,2021-07-11 23:26:47.572377,0.01462316,0.01462316,0.01462316,0.01462316
5,BTC_DOT,1 min,2021-07-11 23:26:48.722786,0.00045259,0.00045259,0.00045267,0.00045265
6,BTC_TRU,1 min,2021-07-11 23:26:38.986058,0.00000440,0.00000440,0.00000440,0.00000440
7,BTC_XMR,1 min,2021-07-11 23:26:48.680048,0.00624637,0.00624637,0.00624653,0.00624653
8,BTC_SNX,1 min,2021-07-11 23:26:47.551229,0.00039539,0.00039531,0.00039539,0.00039531
9,BTC_MKR,1 min,2021-07-11 23:26:48.704356,0.07760343,0.07760343,0.07760343,0.07760343
10,BTC_SWINGBY,1 min,2021-07-11 23:26:22.506574,0.00000247,0.00000247,0.00000247,0.00000247
11,BTC_SENSO,1 min,2021-07-11 23:26:13.729214,0.00002601,0.00002601,0.00002601,0.00002601
12,BTC_QTUM,1 min,2021-07-11 23:26:38.955374,0.00019960,0.00019960,0.00019960,0.00019960
13,BTC_LINK,1 min,2021-07-11 23:26:46.809165,0.00053926,0.00053908,0.00053926,0.00053914
14,BTC_REN,1 min,2021-07-11 23:26:48.715583,0.00001074,0.00001074,0.00001074,0.00001074
15,BTC_SXP,1 min,2021-07-11 23:26:47.565124,0.00005700,0.00005700,0.00005700,0.00005700
16,BTC_ETH,1 min,2021-07-11 23:26:47.541954,0.06280232,0.06280232,0.06280232,0.06280232
17,BTC_ARDR,1 min,2021-07-11 23:26:09.362977,0.00000483,0.00000483,0.00000483,0.00000483
18,BTC_AVA,1 min,2021-07-11 23:26:48.709162,0.00006424,0.00006424,0.00006424,0.00006424
19,BTC_INJ,1 min,2021-07-11 23:26:31.712995,0.00020492,0.00020492,0.00020492,0.00020492
20,BTC_LTC,1 min,2021-07-11 23:26:27.263847,0.00395576,0.00395575,0.00395576,0.00395575
21,BTC_ETC,1 min,2021-07-11 23:26:11.205215,0.00144434,0.00144434,0.00144434,0.00144434
22,BTC_DASH,1 min,2021-07-11 23:26:11.723646,0.00378924,0.00378924,0.00378924,0.00378924
23,BTC_DOGE,1 min,2021-07-11 23:26:21.665261,0.00000631,0.00000631,0.00000631,0.00000631
24,BTC_XRP,1 min,2021-07-11 23:26:11.754767,0.00001874,0.00001874,0.00001874,0.00001874
25,BTC_LSK,1 min,2021-07-11 23:26:11.763254,0.00007601,0.00007601,0.00007601,0.00007601
26,BTC_TRX,1 min,2021-07-11 23:26:12.442450,0.00000183,0.00000183,0.00000183,0.00000183
27,BTC_ZEC,1 min,2021-07-11 23:26:13.058959,0.00325149,0.00325149,0.00325149,0.00325149
28,BTC_AAVE,1 min,2021-07-11 23:26:49.343566,0.00894203,0.00894203,0.00894853,0.00894853
29,BTC_KLV,1 min,2021-07-11 23:26:37.187700,0.00000143,0.00000143,0.00000144,0.00000143
30,BTC_WRX,1 min,2021-07-11 23:26:35.302407,0.00003251,0.00003251,0.00003251,0.00003251
31,BTC_OMG,1 min,2021-07-11 23:26:37.090040,0.00012278,0.00012278,0.00012278,0.00012278
32,BTC_WBTC,1 min,2021-07-11 23:26:43.237582,0.99793994,0.99793994,0.99793994,0.99793994
33,BTC_SAND,1 min,2021-07-11 23:26:49.341755,0.00001350,0.00001350,0.00001350,0.00001350
34,BTC_FIL,1 min,2021-07-11 23:26:20.560329,0.00160627,0.00160627,0.00160627,0.00160627
35,BTC_FRONT,1 min,2021-07-11 23:26:26.197641,0.00002323,0.00002323,0.00002323,0.00002323
36,BTC_NEO,1 min,2021-07-11 23:26:45.039625,0.00100798,0.00100798,0.00100798,0.00100798
37,BTC_POLY,1 min,2021-07-11 23:26:35.289353,0.00000559,0.00000559,0.00000559,0.00000559
38,BTC_KNC,1 min,2021-07-11 23:26:30.392339,0.00004424,0.00004424,0.00004424,0.00004424
39,BTC_SWAP,1 min,2021-07-11 23:26:31.096163,0.00002401,0.00002401,0.00002401,0.00002401
40,BTC_MANA,1 min,2021-07-11 23:26:39.571668,0.00002103,0.00002103,0.00002103,0.00002103
41,BTC_CHR,1 min,2021-07-11 23:26:43.221589,0.00000513,0.00000513,0.00000513,0.00000513
0,BTC_STEEM,1 min,2021-07-11 23:28:01.997589,0.00001202,0.00001202,0.00001202,0.00001202
1,BTC_EOS,1 min,2021-07-11 23:28:00.799290,0.00012574,0.00012559,0.00012590,0.00012572
2,BTC_ATOM,1 min,2021-07-11 23:27:20.732287,0.00040401,0.00040401,0.00040401,0.00040401
3,BTC_MATIC,1 min,2021-07-11 23:27:18.295640,0.00003041,0.00003041,0.00003041,0.00003041
4,BTC_BCH,1 min,2021-07-11 23:28:02.101934,0.01462316,0.01462316,0.01462316,0.01462316
5,BTC_DOT,1 min,2021-07-11 23:28:02.105158,0.00045265,0.00045259,0.00045297,0.00045295
6,BTC_TRU,1 min,2021-07-11 23:28:02.702727,0.00000440,0.00000440,0.00000440,0.00000440
7,BTC_XMR,1 min,2021-07-11 23:28:03.227232,0.00624653,0.00624637,0.00624676,0.00624676
8,BTC_SNX,1 min,2021-07-11 23:27:59.052272,0.00039531,0.00039531,0.00039809,0.00039565
9,BTC_MKR,1 min,2021-07-11 23:28:02.081388,0.07760343,0.07760343,0.07760343,0.07760343
10,BTC_SWINGBY,1 min,2021-07-11 23:26:22.506574,0.00000247,0.00000247,0.00000247,0.00000247
11,BTC_SENSO,1 min,2021-07-11 23:27:18.920064,0.00002601,0.00002601,0.00002602,0.00002602
12,BTC_QTUM,1 min,2021-07-11 23:27:48.424570,0.00019960,0.00019960,0.00019960,0.00019960
13,BTC_LINK,1 min,2021-07-11 23:28:02.678766,0.00053914,0.00053908,0.00053932,0.00053932
14,BTC_REN,1 min,2021-07-11 23:27:39.316715,0.00001074,0.00001074,0.00001074,0.00001074
15,BTC_SXP,1 min,2021-07-11 23:27:26.717784,0.00005700,0.00005700,0.00005700,0.00005700
16,BTC_ETH,1 min,2021-07-11 23:28:01.995406,0.06280232,0.06280232,0.06280232,0.06280232
17,BTC_ARDR,1 min,2021-07-11 23:26:09.362977,0.00000483,0.00000483,0.00000483,0.00000483
18,BTC_AVA,1 min,2021-07-11 23:27:48.445187,0.00006424,0.00006424,0.00006424,0.00006424
19,BTC_INJ,1 min,2021-07-11 23:26:31.712995,0.00020492,0.00020492,0.00020492,0.00020492
20,BTC_LTC,1 min,2021-07-11 23:28:01.990874,0.00395575,0.00395422,0.00395820,0.00395589
21,BTC_ETC,1 min,2021-07-11 23:28:02.619567,0.00144434,0.00144434,0.00144434,0.00144434
22,BTC_DASH,1 min,2021-07-11 23:26:11.723646,0.00378924,0.00378924,0.00378924,0.00378924
23,BTC_DOGE,1 min,2021-07-11 23:27:28.512662,0.00000631,0.00000631,0.00000632,0.00000632
24,BTC_XRP,1 min,2021-07-11 23:27:17.663548,0.00001874,0.00001874,0.00001874,0.00001874
25,BTC_LSK,1 min,2021-07-11 23:26:11.763254,0.00007601,0.00007601,0.00007601,0.00007601
26,BTC_TRX,1 min,2021-07-11 23:26:12.442450,0.00000183,0.00000183,0.00000183,0.00000183
27,BTC_ZEC,1 min,2021-07-11 23:27:58.447678,0.00325149,0.00325149,0.00325149,0.00325149
28,BTC_AAVE,1 min,2021-07-11 23:28:02.100311,0.00894853,0.00894203,0.00894853,0.00894853
29,BTC_KLV,1 min,2021-07-11 23:27:37.491500,0.00000143,0.00000143,0.00000145,0.00000145
30,BTC_WRX,1 min,2021-07-11 23:27:57.824393,0.00003251,0.00003251,0.00003251,0.00003251
31,BTC_OMG,1 min,2021-07-11 23:27:39.272348,0.00012278,0.00012278,0.00012278,0.00012278
32,BTC_WBTC,1 min,2021-07-11 23:28:00.207130,0.99793994,0.99793994,0.99793994,0.99793994
33,BTC_SAND,1 min,2021-07-11 23:28:02.697950,0.00001350,0.00001350,0.00001350,0.00001350
34,BTC_FIL,1 min,2021-07-11 23:27:56.147649,0.00160627,0.00160627,0.00160627,0.00160627
35,BTC_FRONT,1 min,2021-07-11 23:28:02.699535,0.00002323,0.00002323,0.00002323,0.00002323
36,BTC_NEO,1 min,2021-07-11 23:27:59.658407,0.00100798,0.00100798,0.00100798,0.00100798
37,BTC_POLY,1 min,2021-07-11 23:27:52.530013,0.00000559,0.00000559,0.00000559,0.00000559
38,BTC_KNC,1 min,2021-07-11 23:26:30.392339,0.00004424,0.00004424,0.00004424,0.00004424
39,BTC_SWAP,1 min,2021-07-11 23:27:54.335997,0.00002401,0.00002401,0.00002401,0.00002401
40,BTC_MANA,1 min,2021-07-11 23:27:54.939704,0.00002103,0.00002103,0.00002103,0.00002103
41,BTC_CHR,1 min,2021-07-11 23:27:50.249426,0.00000513,0.00000513,0.00000513,0.00000513
42,BTC_BAT,1 min,2021-07-11 23:27:02.935407,0.00001653,0.00001653,0.00001653,0.00001653
43,BTC_BCHSV,1 min,2021-07-11 23:27:03.090576,0.00412184,0.00412184,0.00412184,0.00412184
44,BTC_XEM,1 min,2021-07-11 23:27:10.492627,0.00000357,0.00000357,0.00000357,0.00000357
45,BTC_NMR,1 min,2021-07-11 23:27:33.331603,0.00092364,0.00092364,0.00092364,0.00092364
46,BTC_LPT,1 min,2021-07-11 23:27:43.615386,0.00045893,0.00045893,0.00045893,0.00045893
47,BTC_ZRX,1 min,2021-07-11 23:27:51.358410,0.00002264,0.00002264,0.00002264,0.00002264
48,BTC_GAS,1 min,2021-07-11 23:27:51.965499,0.00017697,0.00017697,0.00017697,0.00017697
0,BTC_STEEM,1 min,2021-07-11 23:29:05.554701,0.00001202,0.00001202,0.00001211,0.00001211
1,BTC_EOS,1 min,2021-07-11 23:29:05.556374,0.00012572,0.00012559,0.00012652,0.00012640
2,BTC_ATOM,1 min,2021-07-11 23:29:01.870225,0.00040401,0.00040401,0.00040401,0.00040401
3,BTC_MATIC,1 min,2021-07-11 23:27:18.295640,0.00003041,0.00003041,0.00003041,0.00003041
4,BTC_BCH,1 min,2021-07-11 23:29:06.367916,0.01462316,0.01462316,0.01462316,0.01462316
5,BTC_DOT,1 min,2021-07-11 23:29:06.373824,0.00045295,0.00045259,0.00045314,0.00045294
6,BTC_TRU,1 min,2021-07-11 23:28:56.965796,0.00000440,0.00000440,0.00000440,0.00000440
7,BTC_XMR,1 min,2021-07-11 23:28:53.907886,0.00624676,0.00624617,0.00624705,0.00624617
8,BTC_SNX,1 min,2021-07-11 23:29:05.571274,0.00039565,0.00039447,0.00039809,0.00039500
9,BTC_MKR,1 min,2021-07-11 23:29:04.954681,0.07760343,0.07760343,0.07760343,0.07760343
10,BTC_SWINGBY,1 min,2021-07-11 23:26:22.506574,0.00000247,0.00000247,0.00000247,0.00000247
11,BTC_SENSO,1 min,2021-07-11 23:29:06.372355,0.00002602,0.00002601,0.00002602,0.00002601
12,BTC_QTUM,1 min,2021-07-11 23:28:57.480424,0.00019960,0.00019960,0.00019960,0.00019960
13,BTC_LINK,1 min,2021-07-11 23:29:07.074673,0.00053932,0.00053886,0.00053933,0.00053886
14,BTC_REN,1 min,2021-07-11 23:29:07.170025,0.00001074,0.00001074,0.00001074,0.00001074
15,BTC_SXP,1 min,2021-07-11 23:28:51.543393,0.00005700,0.00005700,0.00005700,0.00005700
16,BTC_ETH,1 min,2021-07-11 23:29:07.028364,0.06280232,0.06278052,0.06280232,0.06278052
17,BTC_ARDR,1 min,2021-07-11 23:29:07.030500,0.00000483,0.00000483,0.00000483,0.00000483
18,BTC_AVA,1 min,2021-07-11 23:29:07.161489,0.00006424,0.00006424,0.00006424,0.00006424
19,BTC_INJ,1 min,2021-07-11 23:28:18.549585,0.00020492,0.00020492,0.00020492,0.00020492
20,BTC_LTC,1 min,2021-07-11 23:29:06.211525,0.00395589,0.00395422,0.00395820,0.00395755
21,BTC_ETC,1 min,2021-07-11 23:29:07.029508,0.00144434,0.00144434,0.00144434,0.00144434
22,BTC_DASH,1 min,2021-07-11 23:29:05.485315,0.00378924,0.00378924,0.00378924,0.00378924
23,BTC_DOGE,1 min,2021-07-11 23:28:23.421600,0.00000632,0.00000631,0.00000632,0.00000632
24,BTC_XRP,1 min,2021-07-11 23:29:04.363114,0.00001874,0.00001874,0.00001875,0.00001875
25,BTC_LSK,1 min,2021-07-11 23:26:11.763254,0.00007601,0.00007601,0.00007601,0.00007601
26,BTC_TRX,1 min,2021-07-11 23:26:12.442450,0.00000183,0.00000183,0.00000183,0.00000183
27,BTC_ZEC,1 min,2021-07-11 23:28:49.901812,0.00325149,0.00325149,0.00325149,0.00325149
28,BTC_AAVE,1 min,2021-07-11 23:28:31.544303,0.00894853,0.00894203,0.00894853,0.00894853
29,BTC_KLV,1 min,2021-07-11 23:28:40.383951,0.00000145,0.00000143,0.00000145,0.00000143
30,BTC_WRX,1 min,2021-07-11 23:29:07.252113,0.00003251,0.00003251,0.00003251,0.00003251
31,BTC_OMG,1 min,2021-07-11 23:28:40.206313,0.00012278,0.00012278,0.00012278,0.00012278
32,BTC_WBTC,1 min,2021-07-11 23:28:29.665058,0.99793994,0.99793994,0.99793994,0.99793994
33,BTC_SAND,1 min,2021-07-11 23:29:06.366292,0.00001350,0.00001350,0.00001350,0.00001350
34,BTC_FIL,1 min,2021-07-11 23:28:34.781016,0.00160627,0.00160627,0.00160627,0.00160627
35,BTC_FRONT,1 min,2021-07-11 23:29:03.803432,0.00002323,0.00002323,0.00002323,0.00002323
36,BTC_NEO,1 min,2021-07-11 23:29:06.287853,0.00100798,0.00100798,0.00100798,0.00100798
37,BTC_POLY,1 min,2021-07-11 23:28:32.728179,0.00000559,0.00000559,0.00000559,0.00000559
38,BTC_KNC,1 min,2021-07-11 23:29:07.034981,0.00004424,0.00004424,0.00004424,0.00004424
39,BTC_SWAP,1 min,2021-07-11 23:28:36.653164,0.00002401,0.00002401,0.00002401,0.00002401
40,BTC_MANA,1 min,2021-07-11 23:28:52.155667,0.00002103,0.00002103,0.00002103,0.00002103
41,BTC_CHR,1 min,2021-07-11 23:29:04.395590,0.00000513,0.00000513,0.00000513,0.00000513
42,BTC_BAT,1 min,2021-07-11 23:28:52.696006,0.00001653,0.00001653,0.00001657,0.00001657
43,BTC_BCHSV,1 min,2021-07-11 23:27:03.090576,0.00412184,0.00412184,0.00412184,0.00412184
44,BTC_XEM,1 min,2021-07-11 23:27:10.492627,0.00000357,0.00000357,0.00000357,0.00000357
45,BTC_NMR,1 min,2021-07-11 23:27:33.331603,0.00092364,0.00092364,0.00092364,0.00092364
46,BTC_LPT,1 min,2021-07-11 23:28:41.477027,0.00045893,0.00045893,0.00045893,0.00045893
47,BTC_ZRX,1 min,2021-07-11 23:27:51.358410,0.00002264,0.00002264,0.00002264,0.00002264
48,BTC_GAS,1 min,2021-07-11 23:29:01.859505,0.00017697,0.00017697,0.00017697,0.00017697
49,BTC_STR,1 min,2021-07-11 23:28:52.686265,0.00000727,0.00000725,0.00000727,0.00000725
50,BTC_HGET,1 min,2021-07-11 23:28:22.790357,0.00013187,0.00013187,0.00013187,0.00013187
51,BTC_FARM,1 min,2021-07-11 23:28:46.625200,0.00199729,0.00199729,0.00199729,0.00199729
52,BTC_DCR,1 min,2021-07-11 23:29:01.212271,0.00398889,0.00398889,0.00398889,0.00398889
0,BTC_STEEM,1 min,2021-07-11 23:30:16.454502,0.00001211,0.00001202,0.00001211,0.00001211
1,BTC_EOS,1 min,2021-07-11 23:30:16.457926,0.00012640,0.00012559,0.00012702,0.00012647
2,BTC_ATOM,1 min,2021-07-11 23:30:07.443590,0.00040401,0.00040401,0.00040401,0.00040401
3,BTC_MATIC,1 min,2021-07-11 23:27:18.295640,0.00003041,0.00003041,0.00003041,0.00003041
4,BTC_BCH,1 min,2021-07-11 23:30:17.285899,0.01462316,0.01462316,0.01462316,0.01462316
5,BTC_DOT,1 min,2021-07-11 23:30:17.289372,0.00045294,0.00045255,0.00045314,0.00045255
6,BTC_TRU,1 min,2021-07-11 23:30:17.291925,0.00000440,0.00000440,0.00000440,0.00000440
7,BTC_XMR,1 min,2021-07-11 23:30:14.759086,0.00624617,0.00624617,0.00624705,0.00624671
8,BTC_SNX,1 min,2021-07-11 23:30:17.271308,0.00039500,0.00039447,0.00039809,0.00039453
9,BTC_MKR,1 min,2021-07-11 23:30:12.884124,0.07760343,0.07760343,0.07760343,0.07760343
10,BTC_SWINGBY,1 min,2021-07-11 23:26:22.506574,0.00000247,0.00000247,0.00000247,0.00000247
11,BTC_SENSO,1 min,2021-07-11 23:30:02.949832,0.00002601,0.00002601,0.00002602,0.00002601
12,BTC_QTUM,1 min,2021-07-11 23:30:04.132604,0.00019960,0.00019960,0.00019960,0.00019960
13,BTC_LINK,1 min,2021-07-11 23:30:17.269364,0.00053886,0.00053828,0.00053933,0.00053833
14,BTC_REN,1 min,2021-07-11 23:30:18.318401,0.00001074,0.00001074,0.00001074,0.00001074
15,BTC_SXP,1 min,2021-07-11 23:30:08.593349,0.00005700,0.00005700,0.00005700,0.00005700
16,BTC_ETH,1 min,2021-07-11 23:30:18.295994,0.06278052,0.06277125,0.06280232,0.06277125
17,BTC_ARDR,1 min,2021-07-11 23:30:12.362478,0.00000483,0.00000483,0.00000483,0.00000483
18,BTC_AVA,1 min,2021-07-11 23:29:50.571146,0.00006424,0.00006424,0.00006424,0.00006424
19,BTC_INJ,1 min,2021-07-11 23:29:56.045639,0.00020492,0.00020492,0.00020492,0.00020492
20,BTC_LTC,1 min,2021-07-11 23:30:12.354427,0.00395755,0.00395367,0.00395820,0.00395367
21,BTC_ETC,1 min,2021-07-11 23:29:18.569873,0.00144434,0.00144434,0.00144434,0.00144434
22,BTC_DASH,1 min,2021-07-11 23:29:37.026982,0.00378924,0.00378924,0.00378924,0.00378924
23,BTC_DOGE,1 min,2021-07-11 23:29:29.539962,0.00000632,0.00000631,0.00000632,0.00000632
24,BTC_XRP,1 min,2021-07-11 23:29:50.543041,0.00001875,0.00001874,0.00001875,0.00001874
25,BTC_LSK,1 min,2021-07-11 23:26:11.763254,0.00007601,0.00007601,0.00007601,0.00007601
26,BTC_TRX,1 min,2021-07-11 23:26:12.442450,0.00000183,0.00000183,0.00000183,0.00000183
27,BTC_ZEC,1 min,2021-07-11 23:30:07.441018,0.00325149,0.00325149,0.00325149,0.00325149
28,BTC_AAVE,1 min,2021-07-11 23:30:14.796127,0.00894853,0.00894203,0.00894853,0.00894853
29,BTC_KLV,1 min,2021-07-11 23:29:43.091152,0.00000143,0.00000143,0.00000145,0.00000145
30,BTC_WRX,1 min,2021-07-11 23:30:18.319881,0.00003251,0.00003251,0.00003251,0.00003251
31,BTC_OMG,1 min,2021-07-11 23:29:46.081279,0.00012278,0.00012278,0.00012278,0.00012278
32,BTC_WBTC,1 min,2021-07-11 23:30:08.625184,0.99793994,0.99793994,0.99793994,0.99793994
33,BTC_SAND,1 min,2021-07-11 23:30:16.591904,0.00001350,0.00001350,0.00001350,0.00001350
34,BTC_FIL,1 min,2021-07-11 23:29:49.977487,0.00160627,0.00160627,0.00160627,0.00160627
35,BTC_FRONT,1 min,2021-07-11 23:30:12.390721,0.00002323,0.00002323,0.00002323,0.00002323
36,BTC_NEO,1 min,2021-07-11 23:30:18.308166,0.00100798,0.00100798,0.00100798,0.00100798
37,BTC_POLY,1 min,2021-07-11 23:29:52.390888,0.00000559,0.00000559,0.00000559,0.00000559
38,BTC_KNC,1 min,2021-07-11 23:29:07.034981,0.00004424,0.00004424,0.00004424,0.00004424
39,BTC_SWAP,1 min,2021-07-11 23:30:02.937456,0.00002401,0.00002401,0.00002401,0.00002401
40,BTC_MANA,1 min,2021-07-11 23:30:06.114363,0.00002103,0.00002103,0.00002103,0.00002103
41,BTC_CHR,1 min,2021-07-11 23:29:22.920304,0.00000513,0.00000513,0.00000513,0.00000513
42,BTC_BAT,1 min,2021-07-11 23:29:57.198968,0.00001657,0.00001653,0.00001657,0.00001657
43,BTC_BCHSV,1 min,2021-07-11 23:27:03.090576,0.00412184,0.00412184,0.00412184,0.00412184
44,BTC_XEM,1 min,2021-07-11 23:27:10.492627,0.00000357,0.00000357,0.00000357,0.00000357
45,BTC_NMR,1 min,2021-07-11 23:27:33.331603,0.00092364,0.00092364,0.00092364,0.00092364
46,BTC_LPT,1 min,2021-07-11 23:28:41.477027,0.00045893,0.00045893,0.00045893,0.00045893
47,BTC_ZRX,1 min,2021-07-11 23:29:46.817448,0.00002264,0.00002264,0.00002264,0.00002264
48,BTC_GAS,1 min,2021-07-11 23:29:01.859505,0.00017697,0.00017697,0.00017697,0.00017697
49,BTC_STR,1 min,2021-07-11 23:29:46.068503,0.00000725,0.00000725,0.00000727,0.00000725
50,BTC_HGET,1 min,2021-07-11 23:29:28.496645,0.00013187,0.00013187,0.00013187,0.00013187
51,BTC_FARM,1 min,2021-07-11 23:30:17.758953,0.00199729,0.00199729,0.00199729,0.00199729
52,BTC_DCR,1 min,2021-07-11 23:29:01.212271,0.00398889,0.00398889,0.00398889,0.00398889
53,BTC_XTZ,1 min,2021-07-11 23:29:24.149382,0.00008461,0.00008461,0.00008461,0.00008461
54,BTC_CVC,1 min,2021-07-11 23:29:36.625047,0.00000714,0.00000714,0.00000714,0.00000714
55,BTC_REPV2,1 min,2021-07-11 23:30:08.598022,0.00044750,0.00044750,0.00044750,0.00044750
0,BTC_STEEM,5 min,2021-07-11 23:30:43.483156,0.00001202,0.00001202,0.00001211,0.00001211
1,BTC_EOS,5 min,2021-07-11 23:30:48.910304,0.00012572,0.00012559,0.00012702,0.00012658
2,BTC_ATOM,5 min,2021-07-11 23:30:34.172014,0.00040401,0.00040401,0.00040401,0.00040401
3,BTC_MATIC,5 min,2021-07-11 23:30:45.940801,0.00003041,0.00003041,0.00003041,0.00003041
4,BTC_BCH,5 min,2021-07-11 23:30:48.938952,0.01462316,0.01462316,0.01462316,0.01462316
5,BTC_DOT,5 min,2021-07-11 23:30:47.205133,0.00045259,0.00045255,0.00045314,0.00045263
6,BTC_TRU,5 min,2021-07-11 23:30:48.358192,0.00000440,0.00000440,0.00000440,0.00000440
7,BTC_XMR,5 min,2021-07-11 23:30:48.304002,0.00624637,0.00624617,0.00624705,0.00624686
8,BTC_SNX,5 min,2021-07-11 23:30:48.318171,0.00039539,0.00039447,0.00039809,0.00039453
9,BTC_MKR,5 min,2021-07-11 23:30:48.324141,0.07760343,0.07760343,0.07760343,0.07760343
10,BTC_SWINGBY,5 min,2021-07-11 23:26:22.506574,0.00000247,0.00000247,0.00000247,0.00000247
11,BTC_SENSO,5 min,2021-07-11 23:30:37.320755,0.00002601,0.00002600,0.00002602,0.00002600
12,BTC_QTUM,5 min,2021-07-11 23:30:25.793092,0.00019960,0.00019960,0.00019960,0.00019960
13,BTC_LINK,5 min,2021-07-11 23:30:45.662418,0.00053926,0.00053828,0.00053933,0.00053869
14,BTC_REN,5 min,2021-07-11 23:30:45.008917,0.00001074,0.00001074,0.00001074,0.00001074
15,BTC_SXP,5 min,2021-07-11 23:30:48.930130,0.00005700,0.00005700,0.00005700,0.00005700
16,BTC_ETH,5 min,2021-07-11 23:30:48.306133,0.06280232,0.06275947,0.06280232,0.06275947
17,BTC_ARDR,5 min,2021-07-11 23:30:12.362478,0.00000483,0.00000483,0.00000483,0.00000483
18,BTC_AVA,5 min,2021-07-11 23:30:48.926667,0.00006424,0.00006424,0.00006424,0.00006424
19,BTC_INJ,5 min,2021-07-11 23:30:41.684520,0.00020492,0.00020492,0.00020492,0.00020492
20,BTC_LTC,5 min,2021-07-11 23:30:49.348234,0.00395576,0.00395367,0.00395820,0.00395629
21,BTC_ETC,5 min,2021-07-11 23:29:18.569873,0.00144434,0.00144434,0.00144434,0.00144434
22,BTC_DASH,5 min,2021-07-11 23:30:44.608393,0.00378924,0.00378924,0.00378924,0.00378924
23,BTC_DOGE,5 min,2021-07-11 23:30:35.961333,0.00000631,0.00000631,0.00000632,0.00000632
24,BTC_XRP,5 min,2021-07-11 23:30:35.972787,0.00001874,0.00001874,0.00001875,0.00001874
25,BTC_LSK,5 min,2021-07-11 23:26:11.763254,0.00007601,0.00007601,0.00007601,0.00007601
26,BTC_TRX,5 min,2021-07-11 23:26:12.442450,0.00000183,0.00000183,0.00000183,0.00000183
27,BTC_ZEC,5 min,2021-07-11 23:30:48.308133,0.00325149,0.00325149,0.00325149,0.00325149
28,BTC_AAVE,5 min,2021-07-11 23:30:45.016312,0.00894203,0.00894203,0.00894853,0.00894853
29,BTC_KLV,5 min,2021-07-11 23:30:45.950341,0.00000143,0.00000143,0.00000145,0.00000143
30,BTC_WRX,5 min,2021-07-11 23:30:48.334072,0.00003251,0.00003251,0.00003251,0.00003251
31,BTC_OMG,5 min,2021-07-11 23:30:25.786469,0.00012278,0.00012278,0.00012278,0.00012278
32,BTC_WBTC,5 min,2021-07-11 23:30:21.957149,0.99793994,0.99793994,0.99793994,0.99793994
33,BTC_SAND,5 min,2021-07-11 23:30:45.015441,0.00001350,0.00001350,0.00001350,0.00001350
34,BTC_FIL,5 min,2021-07-11 23:30:45.020342,0.00160627,0.00160627,0.00160627,0.00160627
35,BTC_FRONT,5 min,2021-07-11 23:30:12.390721,0.00002323,0.00002323,0.00002323,0.00002323
36,BTC_NEO,5 min,2021-07-11 23:30:39.203109,0.00100798,0.00100798,0.00100798,0.00100798
37,BTC_POLY,5 min,2021-07-11 23:30:34.171560,0.00000559,0.00000559,0.00000559,0.00000559
38,BTC_KNC,5 min,2021-07-11 23:29:07.034981,0.00004424,0.00004424,0.00004424,0.00004424
39,BTC_SWAP,5 min,2021-07-11 23:30:46.606448,0.00002401,0.00002401,0.00002401,0.00002401
40,BTC_MANA,5 min,2021-07-11 23:30:39.192154,0.00002103,0.00002103,0.00002103,0.00002103
41,BTC_CHR,5 min,2021-07-11 23:30:36.619067,0.00000513,0.00000513,0.00000515,0.00000515
42,BTC_BAT,5 min,2021-07-11 23:29:57.198968,0.00001653,0.00001653,0.00001657,0.00001657
43,BTC_BCHSV,5 min,2021-07-11 23:27:03.090576,0.00412184,0.00412184,0.00412184,0.00412184
44,BTC_XEM,5 min,2021-07-11 23:27:10.492627,0.00000357,0.00000357,0.00000357,0.00000357
45,BTC_NMR,5 min,2021-07-11 23:27:33.331603,0.00092364,0.00092364,0.00092364,0.00092364
46,BTC_LPT,5 min,2021-07-11 23:30:39.195123,0.00045893,0.00045893,0.00045893,0.00045893
47,BTC_ZRX,5 min,2021-07-11 23:29:46.817448,0.00002264,0.00002264,0.00002264,0.00002264
48,BTC_GAS,5 min,2021-07-11 23:30:23.625293,0.00017697,0.00017697,0.00017697,0.00017697
49,BTC_STR,5 min,2021-07-11 23:30:41.011983,0.00000727,0.00000725,0.00000727,0.00000725
50,BTC_HGET,5 min,2021-07-11 23:29:28.496645,0.00013187,0.00013187,0.00013187,0.00013187
51,BTC_FARM,5 min,2021-07-11 23:30:48.356828,0.00199729,0.00199729,0.00199729,0.00199729
52,BTC_DCR,5 min,2021-07-11 23:29:01.212271,0.00398889,0.00398889,0.00398889,0.00398889
53,BTC_XTZ,5 min,2021-07-11 23:29:24.149382,0.00008461,0.00008461,0.00008461,0.00008461
54,BTC_CVC,5 min,2021-07-11 23:29:36.625047,0.00000714,0.00000714,0.00000714,0.00000714
55,BTC_REPV2,5 min,2021-07-11 23:30:08.598022,0.00044750,0.00044750,0.00044750,0.00044750
0,BTC_STEEM,1 min,2021-07-11 23:31:15.536134,0.00001211,0.00001202,0.00001211,0.00001211
1,BTC_EOS,1 min,2021-07-11 23:31:17.852008,0.00012647,0.00012559,0.00012702,0.00012665
2,BTC_ATOM,1 min,2021-07-11 23:31:15.540095,0.00040401,0.00040401,0.00040401,0.00040401
3,BTC_MATIC,1 min,2021-07-11 23:30:45.940801,0.00003041,0.00003041,0.00003041,0.00003041
4,BTC_BCH,1 min,2021-07-11 23:31:11.176275,0.01462316,0.01462316,0.01462316,0.01462316
5,BTC_DOT,1 min,2021-07-11 23:31:10.561069,0.00045255,0.00045255,0.00045314,0.00045270
6,BTC_TRU,1 min,2021-07-11 23:31:09.931802,0.00000440,0.00000440,0.00000440,0.00000440
7,BTC_XMR,1 min,2021-07-11 23:31:14.305150,0.00624671,0.00624617,0.00624705,0.00624695
8,BTC_SNX,1 min,2021-07-11 23:31:17.254795,0.00039453,0.00039376,0.00039809,0.00039376
9,BTC_MKR,1 min,2021-07-11 23:31:14.327352,0.07760343,0.07760343,0.07760343,0.07760343
10,BTC_SWINGBY,1 min,2021-07-11 23:26:22.506574,0.00000247,0.00000247,0.00000247,0.00000247
11,BTC_SENSO,1 min,2021-07-11 23:31:14.342985,0.00002601,0.00002600,0.00002603,0.00002602
12,BTC_QTUM,1 min,2021-07-11 23:31:11.150935,0.00019960,0.00019960,0.00020067,0.00020067
13,BTC_LINK,1 min,2021-07-11 23:31:17.860587,0.00053833,0.00053828,0.00053933,0.00053863
14,BTC_REN,1 min,2021-07-11 23:31:17.880661,0.00001074,0.00001074,0.00001074,0.00001074
15,BTC_SXP,1 min,2021-07-11 23:31:17.881794,0.00005700,0.00005700,0.00005700,0.00005700
16,BTC_ETH,1 min,2021-07-11 23:31:17.848056,0.06277125,0.06275947,0.06280232,0.06275950
17,BTC_ARDR,1 min,2021-07-11 23:30:55.984520,0.00000483,0.00000483,0.00000483,0.00000483
18,BTC_AVA,1 min,2021-07-11 23:31:15.555664,0.00006424,0.00006424,0.00006424,0.00006424
19,BTC_INJ,1 min,2021-07-11 23:31:08.710551,0.00020492,0.00020492,0.00020492,0.00020492
20,BTC_LTC,1 min,2021-07-11 23:31:12.359867,0.00395367,0.00395367,0.00395820,0.00395630
21,BTC_ETC,1 min,2021-07-11 23:29:18.569873,0.00144434,0.00144434,0.00144434,0.00144434
22,BTC_DASH,1 min,2021-07-11 23:30:44.608393,0.00378924,0.00378924,0.00378924,0.00378924
23,BTC_DOGE,1 min,2021-07-11 23:30:35.961333,0.00000632,0.00000631,0.00000632,0.00000632
24,BTC_XRP,1 min,2021-07-11 23:30:35.972787,0.00001874,0.00001874,0.00001875,0.00001874
25,BTC_LSK,1 min,2021-07-11 23:26:11.763254,0.00007601,0.00007601,0.00007601,0.00007601
26,BTC_TRX,1 min,2021-07-11 23:26:12.442450,0.00000183,0.00000183,0.00000183,0.00000183
27,BTC_ZEC,1 min,2021-07-11 23:31:13.655595,0.00325149,0.00325149,0.00325149,0.00325149
28,BTC_AAVE,1 min,2021-07-11 23:31:16.759608,0.00894853,0.00894203,0.00894853,0.00894853
29,BTC_KLV,1 min,2021-07-11 23:30:45.950341,0.00000145,0.00000143,0.00000145,0.00000143
30,BTC_WRX,1 min,2021-07-11 23:31:17.265349,0.00003251,0.00003251,0.00003251,0.00003251
31,BTC_OMG,1 min,2021-07-11 23:31:14.312964,0.00012278,0.00012278,0.00012278,0.00012278
32,BTC_WBTC,1 min,2021-07-11 23:31:17.943896,0.99793994,0.99793994,0.99793994,0.99793994
33,BTC_SAND,1 min,2021-07-11 23:31:13.064942,0.00001350,0.00001350,0.00001350,0.00001350
34,BTC_FIL,1 min,2021-07-11 23:31:16.188010,0.00160627,0.00160627,0.00160627,0.00160627
35,BTC_FRONT,1 min,2021-07-11 23:30:12.390721,0.00002323,0.00002323,0.00002323,0.00002323
36,BTC_NEO,1 min,2021-07-11 23:31:17.870105,0.00100798,0.00100798,0.00100798,0.00100798
37,BTC_POLY,1 min,2021-07-11 23:31:11.748995,0.00000559,0.00000559,0.00000559,0.00000559
38,BTC_KNC,1 min,2021-07-11 23:29:07.034981,0.00004424,0.00004424,0.00004424,0.00004424
39,BTC_SWAP,1 min,2021-07-11 23:30:46.606448,0.00002401,0.00002401,0.00002401,0.00002401
40,BTC_MANA,1 min,2021-07-11 23:30:39.192154,0.00002103,0.00002103,0.00002103,0.00002103
41,BTC_CHR,1 min,2021-07-11 23:30:50.073219,0.00000513,0.00000513,0.00000515,0.00000515
42,BTC_BAT,1 min,2021-07-11 23:29:57.198968,0.00001657,0.00001653,0.00001657,0.00001657
43,BTC_BCHSV,1 min,2021-07-11 23:27:03.090576,0.00412184,0.00412184,0.00412184,0.00412184
44,BTC_XEM,1 min,2021-07-11 23:27:10.492627,0.00000357,0.00000357,0.00000357,0.00000357
45,BTC_NMR,1 min,2021-07-11 23:27:33.331603,0.00092364,0.00092364,0.00092364,0.00092364
46,BTC_LPT,1 min,2021-07-11 23:30:39.195123,0.00045893,0.00045893,0.00045893,0.00045893
47,BTC_ZRX,1 min,2021-07-11 23:31:05.046650,0.00002264,0.00002264,0.00002264,0.00002264
48,BTC_GAS,1 min,2021-07-11 23:30:23.625293,0.00017697,0.00017697,0.00017697,0.00017697
49,BTC_STR,1 min,2021-07-11 23:30:41.011983,0.00000725,0.00000725,0.00000727,0.00000725
50,BTC_HGET,1 min,2021-07-11 23:29:28.496645,0.00013187,0.00013187,0.00013187,0.00013187
51,BTC_FARM,1 min,2021-07-11 23:31:17.945835,0.00199729,0.00199729,0.00199729,0.00199729
52,BTC_DCR,1 min,2021-07-11 23:29:01.212271,0.00398889,0.00398889,0.00398889,0.00398889
53,BTC_XTZ,1 min,2021-07-11 23:29:24.149382,0.00008461,0.00008461,0.00008461,0.00008461
54,BTC_CVC,1 min,2021-07-11 23:31:11.141282,0.00000714,0.00000714,0.00000714,0.00000714
55,BTC_REPV2,1 min,2021-07-11 23:30:08.598022,0.00044750,0.00044750,0.00044750,0.00044750
0,BTC_STEEM,1 min,2021-07-11 23:32:11.265675,0.00001211,0.00001202,0.00001211,0.00001211
1,BTC_EOS,1 min,2021-07-11 23:32:18.003581,0.00012665,0.00012559,0.00012719,0.00012714
2,BTC_ATOM,1 min,2021-07-11 23:32:12.649694,0.00040401,0.00040401,0.00040401,0.00040401
3,BTC_MATIC,1 min,2021-07-11 23:32:00.621370,0.00003041,0.00003041,0.00003041,0.00003041
4,BTC_BCH,1 min,2021-07-11 23:32:17.361806,0.01462316,0.01462316,0.01462316,0.01462316
5,BTC_DOT,1 min,2021-07-11 23:32:18.022461,0.00045270,0.00045255,0.00045314,0.00045270
6,BTC_TRU,1 min,2021-07-11 23:32:18.023232,0.00000440,0.00000440,0.00000440,0.00000440
7,BTC_XMR,1 min,2021-07-11 23:32:18.613110,0.00624695,0.00624617,0.00624705,0.00624703
8,BTC_SNX,1 min,2021-07-11 23:32:16.647430,0.00039376,0.00039286,0.00039809,0.00039354
9,BTC_MKR,1 min,2021-07-11 23:32:15.944657,0.07760343,0.07760343,0.07760343,0.07760343
10,BTC_SWINGBY,1 min,2021-07-11 23:32:16.658594,0.00000247,0.00000247,0.00000247,0.00000247
11,BTC_SENSO,1 min,2021-07-11 23:32:10.657325,0.00002602,0.00002600,0.00002603,0.00002603
12,BTC_QTUM,1 min,2021-07-11 23:32:03.252781,0.00020067,0.00019960,0.00020067,0.00020067
13,BTC_LINK,1 min,2021-07-11 23:32:18.005623,0.00053863,0.00053828,0.00053933,0.00053857
14,BTC_REN,1 min,2021-07-11 23:32:16.034802,0.00001074,0.00001074,0.00001074,0.00001074
15,BTC_SXP,1 min,2021-07-11 23:32:18.011614,0.00005700,0.00005700,0.00005700,0.00005700
16,BTC_ETH,1 min,2021-07-11 23:32:15.936760,0.06275950,0.06275947,0.06280232,0.06275950
17,BTC_ARDR,1 min,2021-07-11 23:31:38.293565,0.00000483,0.00000483,0.00000483,0.00000483
18,BTC_AVA,1 min,2021-07-11 23:31:58.580505,0.00006424,0.00006424,0.00006424,0.00006424
19,BTC_INJ,1 min,2021-07-11 23:32:15.368330,0.00020492,0.00020492,0.00020492,0.00020492
20,BTC_LTC,1 min,2021-07-11 23:32:17.243206,0.00395630,0.00395367,0.00395820,0.00395568
21,BTC_ETC,1 min,2021-07-11 23:32:18.003111,0.00144434,0.00144434,0.00144434,0.00144434
22,BTC_DASH,1 min,2021-07-11 23:32:13.305042,0.00378924,0.00378924,0.00380698,0.00380433
23,BTC_DOGE,1 min,2021-07-11 23:31:41.338809,0.00000632,0.00000631,0.00000632,0.00000632
24,BTC_XRP,1 min,2021-07-11 23:31:50.503674,0.00001874,0.00001874,0.00001876,0.00001876
25,BTC_LSK,1 min,2021-07-11 23:32:11.263960,0.00007601,0.00007601,0.00007601,0.00007601
26,BTC_TRX,1 min,2021-07-11 23:26:12.442450,0.00000183,0.00000183,0.00000183,0.00000183
27,BTC_ZEC,1 min,2021-07-11 23:32:08.289300,0.00325149,0.00325149,0.00325149,0.00325149
28,BTC_AAVE,1 min,2021-07-11 23:32:18.021142,0.00894853,0.00894203,0.00894854,0.00894854
29,BTC_KLV,1 min,2021-07-11 23:32:18.024828,0.00000143,0.00000143,0.00000145,0.00000145
30,BTC_WRX,1 min,2021-07-11 23:32:18.011201,0.00003251,0.00003251,0.00003251,0.00003251
31,BTC_OMG,1 min,2021-07-11 23:32:07.429965,0.00012278,0.00012278,0.00012278,0.00012278
32,BTC_WBTC,1 min,2021-07-11 23:32:10.709200,0.99793994,0.99793994,0.99793994,0.99793994
33,BTC_SAND,1 min,2021-07-11 23:32:18.020748,0.00001350,0.00001350,0.00001350,0.00001350
34,BTC_FIL,1 min,2021-07-11 23:32:17.367629,0.00160627,0.00160627,0.00160627,0.00160627
35,BTC_FRONT,1 min,2021-07-11 23:30:12.390721,0.00002323,0.00002323,0.00002323,0.00002323
36,BTC_NEO,1 min,2021-07-11 23:32:17.276997,0.00100798,0.00100798,0.00100798,0.00100798
37,BTC_POLY,1 min,2021-07-11 23:32:01.817730,0.00000559,0.00000559,0.00000559,0.00000559
38,BTC_KNC,1 min,2021-07-11 23:32:06.541752,0.00004424,0.00004424,0.00004424,0.00004424
39,BTC_SWAP,1 min,2021-07-11 23:32:16.038567,0.00002401,0.00002401,0.00002401,0.00002401
40,BTC_MANA,1 min,2021-07-11 23:32:04.841103,0.00002103,0.00002103,0.00002103,0.00002103
41,BTC_CHR,1 min,2021-07-11 23:31:59.212608,0.00000515,0.00000513,0.00000515,0.00000515
42,BTC_BAT,1 min,2021-07-11 23:29:57.198968,0.00001657,0.00001653,0.00001657,0.00001657
43,BTC_BCHSV,1 min,2021-07-11 23:32:05.727240,0.00412184,0.00412184,0.00412184,0.00412184
44,BTC_XEM,1 min,2021-07-11 23:27:10.492627,0.00000357,0.00000357,0.00000357,0.00000357
45,BTC_NMR,1 min,2021-07-11 23:32:14.247310,0.00092364,0.00092364,0.00092364,0.00092364
46,BTC_LPT,1 min,2021-07-11 23:32:07.451025,0.00045893,0.00045893,0.00045893,0.00045893
47,BTC_ZRX,1 min,2021-07-11 23:32:15.239038,0.00002264,0.00002264,0.00002264,0.00002264
48,BTC_GAS,1 min,2021-07-11 23:32:14.636566,0.00017697,0.00017697,0.00017697,0.00017697
49,BTC_STR,1 min,2021-07-11 23:32:03.974571,0.00000725,0.00000725,0.00000727,0.00000725
50,BTC_HGET,1 min,2021-07-11 23:29:28.496645,0.00013187,0.00013187,0.00013187,0.00013187
51,BTC_FARM,1 min,2021-07-11 23:32:18.022065,0.00199729,0.00199729,0.00199729,0.00199729
52,BTC_DCR,1 min,2021-07-11 23:29:01.212271,0.00398889,0.00398889,0.00398889,0.00398889
53,BTC_XTZ,1 min,2021-07-11 23:32:18.006449,0.00008461,0.00008461,0.00008461,0.00008461
54,BTC_CVC,1 min,2021-07-11 23:32:01.720458,0.00000714,0.00000714,0.00000714,0.00000714
55,BTC_REPV2,1 min,2021-07-11 23:31:51.989173,0.00044750,0.00044750,0.00044750,0.00044750
56,BTC_LRC,1 min,2021-07-11 23:32:10.654754,0.00000685,0.00000685,0.00000685,0.00000685
0,BTC_STEEM,1 min,2021-07-11 23:33:17.266695,0.00001211,0.00001202,0.00001211,0.00001211
1,BTC_EOS,1 min,2021-07-11 23:33:18.444130,0.00012714,0.00012559,0.00012719,0.00012702
2,BTC_ATOM,1 min,2021-07-11 23:33:13.497090,0.00040401,0.00040401,0.00040401,0.00040401
3,BTC_MATIC,1 min,2021-07-11 23:32:43.899144,0.00003041,0.00003041,0.00003041,0.00003041
4,BTC_BCH,1 min,2021-07-11 23:32:38.301003,0.01462316,0.01462316,0.01462316,0.01462316
5,BTC_DOT,1 min,2021-07-11 23:33:15.399220,0.00045270,0.00045231,0.00045314,0.00045247
6,BTC_TRU,1 min,2021-07-11 23:33:17.327061,0.00000440,0.00000440,0.00000440,0.00000440
7,BTC_XMR,1 min,2021-07-11 23:33:08.692887,0.00624703,0.00624617,0.00624710,0.00624710
8,BTC_SNX,1 min,2021-07-11 23:33:16.658944,0.00039354,0.00039089,0.00039809,0.00039124
9,BTC_MKR,1 min,2021-07-11 23:33:17.293200,0.07760343,0.07760343,0.07760343,0.07760343
10,BTC_SWINGBY,1 min,2021-07-11 23:32:42.619152,0.00000247,0.00000247,0.00000247,0.00000247
11,BTC_SENSO,1 min,2021-07-11 23:33:14.209349,0.00002603,0.00002600,0.00002604,0.00002604
12,BTC_QTUM,1 min,2021-07-11 23:33:16.648988,0.00020067,0.00019960,0.00020067,0.00020067
13,BTC_LINK,1 min,2021-07-11 23:33:18.449788,0.00053857,0.00053828,0.00053933,0.00053850
14,BTC_REN,1 min,2021-07-11 23:33:08.713049,0.00001074,0.00001074,0.00001074,0.00001074
15,BTC_SXP,1 min,2021-07-11 23:33:18.458523,0.00005700,0.00005700,0.00005700,0.00005700
16,BTC_ETH,1 min,2021-07-11 23:33:18.442330,0.06275950,0.06275947,0.06280232,0.06275950
17,BTC_ARDR,1 min,2021-07-11 23:31:38.293565,0.00000483,0.00000483,0.00000483,0.00000483
18,BTC_AVA,1 min,2021-07-11 23:33:14.200889,0.00006424,0.00006424,0.00006424,0.00006424
19,BTC_INJ,1 min,2021-07-11 23:33:13.601914,0.00020492,0.00020492,0.00020492,0.00020492
20,BTC_LTC,1 min,2021-07-11 23:33:07.880850,0.00395568,0.00395367,0.00395820,0.00395717
21,BTC_ETC,1 min,2021-07-11 23:32:24.745722,0.00144434,0.00144434,0.00144434,0.00144434
22,BTC_DASH,1 min,2021-07-11 23:33:13.491303,0.00380433,0.00378924,0.00380918,0.00380918
23,BTC_DOGE,1 min,2021-07-11 23:32:47.613782,0.00000632,0.00000631,0.00000632,0.00000632
24,BTC_XRP,1 min,2021-07-11 23:32:47.619061,0.00001876,0.00001874,0.00001876,0.00001875
25,BTC_LSK,1 min,2021-07-11 23:32:11.263960,0.00007601,0.00007601,0.00007601,0.00007601
26,BTC_TRX,1 min,2021-07-11 23:26:12.442450,0.00000183,0.00000183,0.00000183,0.00000183
27,BTC_ZEC,1 min,2021-07-11 23:33:14.089394,0.00325149,0.00325149,0.00325149,0.00325149
28,BTC_AAVE,1 min,2021-07-11 23:33:17.870505,0.00894854,0.00894203,0.00894854,0.00894854
29,BTC_KLV,1 min,2021-07-11 23:32:52.159267,0.00000145,0.00000143,0.00000145,0.00000143
30,BTC_WRX,1 min,2021-07-11 23:33:18.457801,0.00003251,0.00003251,0.00003251,0.00003251
31,BTC_OMG,1 min,2021-07-11 23:32:24.747051,0.00012278,0.00012278,0.00012278,0.00012278
32,BTC_WBTC,1 min,2021-07-11 23:33:13.603737,0.99793994,0.99793994,0.99793994,0.99793994
33,BTC_SAND,1 min,2021-07-11 23:33:17.867097,0.00001350,0.00001350,0.00001350,0.00001350
34,BTC_FIL,1 min,2021-07-11 23:32:57.949849,0.00160627,0.00160627,0.00160627,0.00160627
35,BTC_FRONT,1 min,2021-07-11 23:33:17.897704,0.00002323,0.00002323,0.00002323,0.00002323
36,BTC_NEO,1 min,2021-07-11 23:33:18.451833,0.00100798,0.00100798,0.00100798,0.00100798
37,BTC_POLY,1 min,2021-07-11 23:33:17.285186,0.00000559,0.00000559,0.00000559,0.00000559
38,BTC_KNC,1 min,2021-07-11 23:32:48.370752,0.00004424,0.00004424,0.00004424,0.00004424
39,BTC_SWAP,1 min,2021-07-11 23:32:59.863313,0.00002401,0.00002401,0.00002401,0.00002401
40,BTC_MANA,1 min,2021-07-11 23:33:13.495005,0.00002103,0.00002103,0.00002103,0.00002103
41,BTC_CHR,1 min,2021-07-11 23:31:59.212608,0.00000515,0.00000513,0.00000515,0.00000515
42,BTC_BAT,1 min,2021-07-11 23:32:48.971264,0.00001657,0.00001653,0.00001657,0.00001657
43,BTC_BCHSV,1 min,2021-07-11 23:33:12.302712,0.00412184,0.00412184,0.00412184,0.00412184
44,BTC_XEM,1 min,2021-07-11 23:33:07.312097,0.00000357,0.00000357,0.00000358,0.00000358
45,BTC_NMR,1 min,2021-07-11 23:33:12.303215,0.00092364,0.00092364,0.00092364,0.00092364
46,BTC_LPT,1 min,2021-07-11 23:32:54.255176,0.00045893,0.00045893,0.00045893,0.00045893
47,BTC_ZRX,1 min,2021-07-11 23:32:18.636140,0.00002264,0.00002264,0.00002264,0.00002264
48,BTC_GAS,1 min,2021-07-11 23:33:15.898333,0.00017697,0.00017697,0.00017697,0.00017697
49,BTC_STR,1 min,2021-07-11 23:32:03.974571,0.00000725,0.00000725,0.00000727,0.00000725
50,BTC_HGET,1 min,2021-07-11 23:29:28.496645,0.00013187,0.00013187,0.00013187,0.00013187
51,BTC_FARM,1 min,2021-07-11 23:33:18.503538,0.00199729,0.00199729,0.00199729,0.00199729
52,BTC_DCR,1 min,2021-07-11 23:32:34.412269,0.00398889,0.00398889,0.00398889,0.00398889
53,BTC_XTZ,1 min,2021-07-11 23:33:02.291606,0.00008461,0.00008461,0.00008461,0.00008461
54,BTC_CVC,1 min,2021-07-11 23:32:01.720458,0.00000714,0.00000714,0.00000714,0.00000714
55,BTC_REPV2,1 min,2021-07-11 23:31:51.989173,0.00044750,0.00044750,0.00044750,0.00044750
56,BTC_LRC,1 min,2021-07-11 23:32:10.654754,0.00000685,0.00000685,0.00000685,0.00000685
57,BTC_GLM,1 min,2021-07-11 23:32:49.031797,0.00000911,0.00000911,0.00000911,0.00000911
0,BTC_STEEM,1 min,2021-07-11 23:34:17.605756,0.00001211,0.00001202,0.00001211,0.00001211
1,BTC_EOS,1 min,2021-07-11 23:34:18.303003,0.00012702,0.00012559,0.00012719,0.00012652
2,BTC_ATOM,1 min,2021-07-11 23:34:05.320956,0.00040401,0.00040401,0.00040401,0.00040401
3,BTC_MATIC,1 min,2021-07-11 23:33:48.429797,0.00003041,0.00003041,0.00003041,0.00003041
4,BTC_BCH,1 min,2021-07-11 23:34:18.424159,0.01462316,0.01462316,0.01462316,0.01462316
5,BTC_DOT,1 min,2021-07-11 23:34:18.430243,0.00045247,0.00045219,0.00045314,0.00045236
6,BTC_TRU,1 min,2021-07-11 23:34:18.432148,0.00000440,0.00000440,0.00000440,0.00000440
7,BTC_XMR,1 min,2021-07-11 23:34:15.040097,0.00624710,0.00624617,0.00624711,0.00624703
8,BTC_SNX,1 min,2021-07-11 23:34:17.701317,0.00039124,0.00039000,0.00039809,0.00039072
9,BTC_MKR,1 min,2021-07-11 23:34:18.342118,0.07760343,0.07760343,0.07760343,0.07760343
10,BTC_SWINGBY,1 min,2021-07-11 23:32:42.619152,0.00000247,0.00000247,0.00000247,0.00000247
11,BTC_SENSO,1 min,2021-07-11 23:34:13.783613,0.00002604,0.00002600,0.00002604,0.00002604
12,BTC_QTUM,1 min,2021-07-11 23:34:16.997563,0.00020067,0.00019960,0.00020067,0.00020067
13,BTC_LINK,1 min,2021-07-11 23:34:18.333207,0.00053850,0.00053828,0.00053933,0.00053841
14,BTC_REN,1 min,2021-07-11 23:34:10.492501,0.00001074,0.00001074,0.00001074,0.00001074
15,BTC_SXP,1 min,2021-07-11 23:34:17.103258,0.00005700,0.00005700,0.00005700,0.00005700
16,BTC_ETH,1 min,2021-07-11 23:34:15.727119,0.06275950,0.06266597,0.06280232,0.06266597
17,BTC_ARDR,1 min,2021-07-11 23:31:38.293565,0.00000483,0.00000483,0.00000483,0.00000483
18,BTC_AVA,1 min,2021-07-11 23:34:15.754538,0.00006424,0.00006424,0.00006424,0.00006424
19,BTC_INJ,1 min,2021-07-11 23:34:00.970945,0.00020492,0.00020492,0.00020492,0.00020492
20,BTC_LTC,1 min,2021-07-11 23:34:14.325981,0.00395717,0.00395367,0.00395820,0.00395544
21,BTC_ETC,1 min,2021-07-11 23:34:06.958040,0.00144434,0.00144434,0.00144434,0.00144434
22,BTC_DASH,1 min,2021-07-11 23:34:14.323439,0.00380918,0.00378924,0.00380918,0.00380918
23,BTC_DOGE,1 min,2021-07-11 23:33:53.531943,0.00000632,0.00000631,0.00000632,0.00000632
24,BTC_XRP,1 min,2021-07-11 23:33:55.694231,0.00001875,0.00001874,0.00001876,0.00001875
25,BTC_LSK,1 min,2021-07-11 23:34:07.776517,0.00007601,0.00007601,0.00007601,0.00007601
26,BTC_TRX,1 min,2021-07-11 23:34:13.732293,0.00000183,0.00000182,0.00000183,0.00000182
27,BTC_ZEC,1 min,2021-07-11 23:34:00.870561,0.00325149,0.00325149,0.00325149,0.00325149
28,BTC_AAVE,1 min,2021-07-11 23:34:11.193231,0.00894854,0.00894203,0.00894854,0.00894854
29,BTC_KLV,1 min,2021-07-11 23:33:56.528681,0.00000143,0.00000143,0.00000146,0.00000146
30,BTC_WRX,1 min,2021-07-11 23:34:18.414662,0.00003251,0.00003251,0.00003251,0.00003251
31,BTC_OMG,1 min,2021-07-11 23:32:24.747051,0.00012278,0.00012278,0.00012278,0.00012278
32,BTC_WBTC,1 min,2021-07-11 23:34:18.427231,0.99793994,0.99793994,0.99793994,0.99793994
33,BTC_SAND,1 min,2021-07-11 23:34:18.422196,0.00001350,0.00001350,0.00001350,0.00001350
34,BTC_FIL,1 min,2021-07-11 23:34:15.128271,0.00160627,0.00160627,0.00160627,0.00160627
35,BTC_FRONT,1 min,2021-07-11 23:34:18.428222,0.00002323,0.00002323,0.00002323,0.00002323
36,BTC_NEO,1 min,2021-07-11 23:34:16.407764,0.00100798,0.00100798,0.00100798,0.00100798
37,BTC_POLY,1 min,2021-07-11 23:34:03.359731,0.00000559,0.00000559,0.00000559,0.00000559
38,BTC_KNC,1 min,2021-07-11 23:32:48.370752,0.00004424,0.00004424,0.00004424,0.00004424
39,BTC_SWAP,1 min,2021-07-11 23:33:40.074295,0.00002401,0.00002401,0.00002401,0.00002401
40,BTC_MANA,1 min,2021-07-11 23:33:59.587548,0.00002103,0.00002103,0.00002103,0.00002103
41,BTC_CHR,1 min,2021-07-11 23:33:48.141955,0.00000515,0.00000513,0.00000515,0.00000515
42,BTC_BAT,1 min,2021-07-11 23:32:48.971264,0.00001657,0.00001653,0.00001657,0.00001657
43,BTC_BCHSV,1 min,2021-07-11 23:33:12.302712,0.00412184,0.00412184,0.00412184,0.00412184
44,BTC_XEM,1 min,2021-07-11 23:33:53.536098,0.00000358,0.00000357,0.00000358,0.00000358
45,BTC_NMR,1 min,2021-07-11 23:33:59.591055,0.00092364,0.00092364,0.00092364,0.00092364
46,BTC_LPT,1 min,2021-07-11 23:33:53.594715,0.00045893,0.00045893,0.00045893,0.00045893
47,BTC_ZRX,1 min,2021-07-11 23:32:18.636140,0.00002264,0.00002264,0.00002264,0.00002264
48,BTC_GAS,1 min,2021-07-11 23:33:15.898333,0.00017697,0.00017697,0.00017697,0.00017697
49,BTC_STR,1 min,2021-07-11 23:34:15.678075,0.00000725,0.00000725,0.00000727,0.00000725
50,BTC_HGET,1 min,2021-07-11 23:29:28.496645,0.00013187,0.00013187,0.00013187,0.00013187
51,BTC_FARM,1 min,2021-07-11 23:34:18.429262,0.00199729,0.00199729,0.00199729,0.00199729
52,BTC_DCR,1 min,2021-07-11 23:32:34.412269,0.00398889,0.00398889,0.00398889,0.00398889
53,BTC_XTZ,1 min,2021-07-11 23:34:15.101351,0.00008461,0.00008461,0.00008461,0.00008461
54,BTC_CVC,1 min,2021-07-11 23:32:01.720458,0.00000714,0.00000714,0.00000714,0.00000714
55,BTC_REPV2,1 min,2021-07-11 23:31:51.989173,0.00044750,0.00044750,0.00044750,0.00044750
56,BTC_LRC,1 min,2021-07-11 23:33:55.028657,0.00000685,0.00000685,0.00000685,0.00000685
57,BTC_GLM,1 min,2021-07-11 23:32:49.031797,0.00000911,0.00000911,0.00000911,0.00000911
0,BTC_STEEM,1 min,2021-07-11 23:35:15.850735,0.00001211,0.00001202,0.00001211,0.00001211
1,BTC_EOS,1 min,2021-07-11 23:35:18.948795,0.00012652,0.00012559,0.00012719,0.00012629
2,BTC_ATOM,1 min,2021-07-11 23:35:10.774128,0.00040401,0.00040401,0.00040401,0.00040401
3,BTC_MATIC,1 min,2021-07-11 23:34:43.620416,0.00003041,0.00003041,0.00003041,0.00003041
4,BTC_BCH,1 min,2021-07-11 23:35:18.472523,0.01462316,0.01462316,0.01462316,0.01462316
5,BTC_DOT,1 min,2021-07-11 23:35:18.474556,0.00045236,0.00045219,0.00045314,0.00045228
6,BTC_TRU,1 min,2021-07-11 23:35:18.475907,0.00000440,0.00000440,0.00000440,0.00000440
7,BTC_XMR,1 min,2021-07-11 23:35:01.436046,0.00624703,0.00624617,0.00624711,0.00624703
8,BTC_SNX,1 min,2021-07-11 23:35:17.174747,0.00039072,0.00039000,0.00039809,0.00039001
9,BTC_MKR,1 min,2021-07-11 23:35:17.824647,0.07760343,0.07760343,0.07760343,0.07760343
10,BTC_SWINGBY,1 min,2021-07-11 23:32:42.619152,0.00000247,0.00000247,0.00000247,0.00000247
11,BTC_SENSO,1 min,2021-07-11 23:35:15.399681,0.00002604,0.00002600,0.00002604,0.00002604
12,BTC_QTUM,1 min,2021-07-11 23:35:17.165512,0.00020067,0.00019960,0.00020067,0.00020067
13,BTC_LINK,1 min,2021-07-11 23:35:13.423295,0.00053841,0.00053828,0.00053933,0.00053839
14,BTC_REN,1 min,2021-07-11 23:35:13.439839,0.00001074,0.00001074,0.00001074,0.00001074
15,BTC_SXP,1 min,2021-07-11 23:35:17.850488,0.00005700,0.00005700,0.00005700,0.00005700
16,BTC_ETH,1 min,2021-07-11 23:35:17.155348,0.06266597,0.06266597,0.06280232,0.06266597
17,BTC_ARDR,1 min,2021-07-11 23:35:15.368893,0.00000483,0.00000483,0.00000483,0.00000483
18,BTC_AVA,1 min,2021-07-11 23:34:53.402749,0.00006424,0.00006424,0.00006424,0.00006424
19,BTC_INJ,1 min,2021-07-11 23:35:18.471849,0.00020492,0.00020492,0.00020492,0.00020492
20,BTC_LTC,1 min,2021-07-11 23:35:06.449025,0.00395544,0.00395367,0.00395820,0.00395445
21,BTC_ETC,1 min,2021-07-11 23:34:47.677038,0.00144434,0.00144434,0.00144434,0.00144434
22,BTC_DASH,1 min,2021-07-11 23:35:11.324560,0.00380918,0.00378924,0.00380918,0.00380918
23,BTC_DOGE,1 min,2021-07-11 23:33:53.531943,0.00000632,0.00000631,0.00000632,0.00000632
24,BTC_XRP,1 min,2021-07-11 23:35:00.105564,0.00001875,0.00001874,0.00001876,0.00001875
25,BTC_LSK,1 min,2021-07-11 23:35:18.946796,0.00007601,0.00007601,0.00007601,0.00007601
26,BTC_TRX,1 min,2021-07-11 23:35:00.221960,0.00000182,0.00000182,0.00000183,0.00000182
27,BTC_ZEC,1 min,2021-07-11 23:34:46.491640,0.00325149,0.00325149,0.00325149,0.00325149
28,BTC_AAVE,1 min,2021-07-11 23:35:18.470320,0.00894854,0.00894203,0.00894854,0.00894854
29,BTC_KLV,1 min,2021-07-11 23:35:01.520051,0.00000146,0.00000143,0.00000146,0.00000143
30,BTC_WRX,1 min,2021-07-11 23:35:19.061666,0.00003251,0.00003251,0.00003251,0.00003251
31,BTC_OMG,1 min,2021-07-11 23:32:24.747051,0.00012278,0.00012278,0.00012278,0.00012278
32,BTC_WBTC,1 min,2021-07-11 23:35:13.446268,0.99793994,0.99793994,0.99793994,0.99793994
33,BTC_SAND,1 min,2021-07-11 23:35:17.857457,0.00001350,0.00001350,0.00001350,0.00001350
34,BTC_FIL,1 min,2021-07-11 23:34:28.516541,0.00160627,0.00160627,0.00160627,0.00160627
35,BTC_FRONT,1 min,2021-07-11 23:35:18.473209,0.00002323,0.00002323,0.00002323,0.00002323
36,BTC_NEO,1 min,2021-07-11 23:35:16.612367,0.00100798,0.00100798,0.00100798,0.00100798
37,BTC_POLY,1 min,2021-07-11 23:35:17.811745,0.00000559,0.00000559,0.00000559,0.00000559
38,BTC_KNC,1 min,2021-07-11 23:32:48.370752,0.00004424,0.00004424,0.00004424,0.00004424
39,BTC_SWAP,1 min,2021-07-11 23:35:05.969846,0.00002401,0.00002401,0.00002401,0.00002401
40,BTC_MANA,1 min,2021-07-11 23:35:00.220153,0.00002103,0.00002103,0.00002103,0.00002103
41,BTC_CHR,1 min,2021-07-11 23:33:48.141955,0.00000515,0.00000513,0.00000515,0.00000515
42,BTC_BAT,1 min,2021-07-11 23:35:07.759205,0.00001657,0.00001653,0.00001658,0.00001658
43,BTC_BCHSV,1 min,2021-07-11 23:33:12.302712,0.00412184,0.00412184,0.00412184,0.00412184
44,BTC_XEM,1 min,2021-07-11 23:33:53.536098,0.00000358,0.00000357,0.00000358,0.00000358
45,BTC_NMR,1 min,2021-07-11 23:34:57.735880,0.00092364,0.00092364,0.00092364,0.00092364
46,BTC_LPT,1 min,2021-07-11 23:35:10.773732,0.00045893,0.00045893,0.00045893,0.00045893
47,BTC_ZRX,1 min,2021-07-11 23:34:41.651923,0.00002264,0.00002264,0.00002264,0.00002264
48,BTC_GAS,1 min,2021-07-11 23:33:15.898333,0.00017697,0.00017697,0.00017697,0.00017697
49,BTC_STR,1 min,2021-07-11 23:34:15.678075,0.00000725,0.00000725,0.00000727,0.00000725
50,BTC_HGET,1 min,2021-07-11 23:29:28.496645,0.00013187,0.00013187,0.00013187,0.00013187
51,BTC_FARM,1 min,2021-07-11 23:35:18.473881,0.00199729,0.00199729,0.00199729,0.00199729
52,BTC_DCR,1 min,2021-07-11 23:32:34.412269,0.00398889,0.00398889,0.00398889,0.00398889
53,BTC_XTZ,1 min,2021-07-11 23:34:51.542722,0.00008461,0.00008461,0.00008461,0.00008461
54,BTC_CVC,1 min,2021-07-11 23:32:01.720458,0.00000714,0.00000714,0.00000714,0.00000714
55,BTC_REPV2,1 min,2021-07-11 23:31:51.989173,0.00044750,0.00044750,0.00044750,0.00044750
56,BTC_LRC,1 min,2021-07-11 23:35:15.967465,0.00000685,0.00000685,0.00000685,0.00000685
57,BTC_GLM,1 min,2021-07-11 23:32:49.031797,0.00000911,0.00000911,0.00000911,0.00000911
0,BTC_STEEM,10 min,2021-07-11 23:35:48.137857,0.00001202,0.00001202,0.00001211,0.00001211
1,BTC_EOS,10 min,2021-07-11 23:35:47.624296,0.00012572,0.00012559,0.00012719,0.00012638
2,BTC_ATOM,10 min,2021-07-11 23:35:10.774128,0.00040401,0.00040401,0.00040401,0.00040401
3,BTC_MATIC,10 min,2021-07-11 23:35:43.433234,0.00003041,0.00003041,0.00003041,0.00003041
4,BTC_BCH,10 min,2021-07-11 23:35:45.225311,0.01462316,0.01462316,0.01462316,0.01462316
5,BTC_DOT,10 min,2021-07-11 23:35:49.416474,0.00045259,0.00045219,0.00045314,0.00045229
6,BTC_TRU,10 min,2021-07-11 23:35:48.249837,0.00000440,0.00000440,0.00000440,0.00000440
7,BTC_XMR,10 min,2021-07-11 23:35:39.815001,0.00624637,0.00624610,0.00624711,0.00624610
8,BTC_SNX,10 min,2021-07-11 23:35:49.362513,0.00039539,0.00039000,0.00039809,0.00039001
9,BTC_MKR,10 min,2021-07-11 23:35:48.731120,0.07760343,0.07760343,0.07760343,0.07760343
10,BTC_SWINGBY,10 min,2021-07-11 23:32:42.619152,0.00000247,0.00000247,0.00000247,0.00000247
11,BTC_SENSO,10 min,2021-07-11 23:35:15.399681,0.00002601,0.00002600,0.00002604,0.00002604
12,BTC_QTUM,10 min,2021-07-11 23:35:17.165512,0.00019960,0.00019960,0.00020067,0.00020067
13,BTC_LINK,10 min,2021-07-11 23:35:24.493845,0.00053926,0.00053828,0.00053933,0.00053839
14,BTC_REN,10 min,2021-07-11 23:35:44.658534,0.00001074,0.00001074,0.00001074,0.00001074
15,BTC_SXP,10 min,2021-07-11 23:35:17.850488,0.00005700,0.00005700,0.00005700,0.00005700
16,BTC_ETH,10 min,2021-07-11 23:35:47.622094,0.06280232,0.06266597,0.06280232,0.06268447
17,BTC_ARDR,10 min,2021-07-11 23:35:15.368893,0.00000483,0.00000483,0.00000483,0.00000483
18,BTC_AVA,10 min,2021-07-11 23:35:47.031640,0.00006424,0.00006424,0.00006424,0.00006424
19,BTC_INJ,10 min,2021-07-11 23:35:44.665726,0.00020492,0.00020492,0.00020492,0.00020492
20,BTC_LTC,10 min,2021-07-11 23:35:38.606371,0.00395576,0.00395289,0.00395820,0.00395289
21,BTC_ETC,10 min,2021-07-11 23:35:29.604279,0.00144434,0.00144434,0.00144434,0.00144434
22,BTC_DASH,10 min,2021-07-11 23:35:34.926007,0.00378924,0.00378924,0.00380918,0.00380918
23,BTC_DOGE,10 min,2021-07-11 23:35:48.131619,0.00000631,0.00000631,0.00000632,0.00000631
24,BTC_XRP,10 min,2021-07-11 23:35:00.105564,0.00001874,0.00001874,0.00001876,0.00001875
25,BTC_LSK,10 min,2021-07-11 23:35:49.354823,0.00007601,0.00007601,0.00007601,0.00007601
26,BTC_TRX,10 min,2021-07-11 23:35:00.221960,0.00000183,0.00000182,0.00000183,0.00000182
27,BTC_ZEC,10 min,2021-07-11 23:34:46.491640,0.00325149,0.00325149,0.00325149,0.00325149
28,BTC_AAVE,10 min,2021-07-11 23:35:46.447647,0.00894203,0.00894203,0.00894854,0.00894854
29,BTC_KLV,10 min,2021-07-11 23:35:01.520051,0.00000143,0.00000143,0.00000146,0.00000143
30,BTC_WRX,10 min,2021-07-11 23:35:49.366254,0.00003251,0.00003251,0.00003251,0.00003251
31,BTC_OMG,10 min,2021-07-11 23:32:24.747051,0.00012278,0.00012278,0.00012278,0.00012278
32,BTC_WBTC,10 min,2021-07-11 23:35:48.244714,0.99793994,0.99793994,0.99793994,0.99793994
33,BTC_SAND,10 min,2021-07-11 23:35:47.652578,0.00001350,0.00001350,0.00001350,0.00001350
34,BTC_FIL,10 min,2021-07-11 23:35:25.887677,0.00160627,0.00160627,0.00160627,0.00160627
35,BTC_FRONT,10 min,2021-07-11 23:35:48.246436,0.00002323,0.00002323,0.00002323,0.00002323
36,BTC_NEO,10 min,2021-07-11 23:35:48.733395,0.00100798,0.00100798,0.00100798,0.00100798
37,BTC_POLY,10 min,2021-07-11 23:35:17.811745,0.00000559,0.00000559,0.00000559,0.00000559
38,BTC_KNC,10 min,2021-07-11 23:32:48.370752,0.00004424,0.00004424,0.00004424,0.00004424
39,BTC_SWAP,10 min,2021-07-11 23:35:48.828250,0.00002401,0.00002401,0.00002401,0.00002401
40,BTC_MANA,10 min,2021-07-11 23:35:39.822336,0.00002103,0.00002103,0.00002103,0.00002103
41,BTC_CHR,10 min,2021-07-11 23:35:19.678402,0.00000513,0.00000513,0.00000515,0.00000515
42,BTC_BAT,10 min,2021-07-11 23:35:07.759205,0.00001653,0.00001653,0.00001658,0.00001658
43,BTC_BCHSV,10 min,2021-07-11 23:33:12.302712,0.00412184,0.00412184,0.00412184,0.00412184
44,BTC_XEM,10 min,2021-07-11 23:33:53.536098,0.00000357,0.00000357,0.00000358,0.00000358
45,BTC_NMR,10 min,2021-07-11 23:35:37.422557,0.00092364,0.00092364,0.00092364,0.00092364
46,BTC_LPT,10 min,2021-07-11 23:35:10.773732,0.00045893,0.00045893,0.00045893,0.00045893
47,BTC_ZRX,10 min,2021-07-11 23:35:22.087141,0.00002264,0.00002264,0.00002264,0.00002264
48,BTC_GAS,10 min,2021-07-11 23:35:44.044055,0.00017697,0.00017697,0.00017697,0.00017697
49,BTC_STR,10 min,2021-07-11 23:35:26.381112,0.00000727,0.00000725,0.00000727,0.00000725
50,BTC_HGET,10 min,2021-07-11 23:29:28.496645,0.00013187,0.00013187,0.00013187,0.00013187
51,BTC_FARM,10 min,2021-07-11 23:35:49.371524,0.00199729,0.00199729,0.00199729,0.00199729
52,BTC_DCR,10 min,2021-07-11 23:32:34.412269,0.00398889,0.00398889,0.00398889,0.00398889
53,BTC_XTZ,10 min,2021-07-11 23:35:40.407366,0.00008461,0.00008461,0.00008461,0.00008461
54,BTC_CVC,10 min,2021-07-11 23:32:01.720458,0.00000714,0.00000714,0.00000714,0.00000714
55,BTC_REPV2,10 min,2021-07-11 23:31:51.989173,0.00044750,0.00044750,0.00044750,0.00044750
56,BTC_LRC,10 min,2021-07-11 23:35:15.967465,0.00000685,0.00000685,0.00000685,0.00000685
57,BTC_GLM,10 min,2021-07-11 23:32:49.031797,0.00000911,0.00000911,0.00000911,0.00000911
0,BTC_STEEM,5 min,2021-07-11 23:35:48.137857,0.00001211,0.00001202,0.00001211,0.00001211
1,BTC_EOS,5 min,2021-07-11 23:35:47.624296,0.00012658,0.00012559,0.00012719,0.00012638
2,BTC_ATOM,5 min,2021-07-11 23:35:10.774128,0.00040401,0.00040401,0.00040401,0.00040401
3,BTC_MATIC,5 min,2021-07-11 23:35:43.433234,0.00003041,0.00003041,0.00003041,0.00003041
4,BTC_BCH,5 min,2021-07-11 23:35:45.225311,0.01462316,0.01462316,0.01462316,0.01462316
5,BTC_DOT,5 min,2021-07-11 23:35:49.416474,0.00045263,0.00045219,0.00045314,0.00045229
6,BTC_TRU,5 min,2021-07-11 23:35:48.249837,0.00000440,0.00000440,0.00000440,0.00000440
7,BTC_XMR,5 min,2021-07-11 23:35:39.815001,0.00624686,0.00624610,0.00624711,0.00624610
8,BTC_SNX,5 min,2021-07-11 23:35:49.362513,0.00039453,0.00039000,0.00039809,0.00039001
9,BTC_MKR,5 min,2021-07-11 23:35:48.731120,0.07760343,0.07760343,0.07760343,0.07760343
10,BTC_SWINGBY,5 min,2021-07-11 23:32:42.619152,0.00000247,0.00000247,0.00000247,0.00000247
11,BTC_SENSO,5 min,2021-07-11 23:35:15.399681,0.00002600,0.00002600,0.00002604,0.00002604
12,BTC_QTUM,5 min,2021-07-11 23:35:17.165512,0.00019960,0.00019960,0.00020067,0.00020067
13,BTC_LINK,5 min,2021-07-11 23:35:24.493845,0.00053869,0.00053828,0.00053933,0.00053839
14,BTC_REN,5 min,2021-07-11 23:35:44.658534,0.00001074,0.00001074,0.00001074,0.00001074
15,BTC_SXP,5 min,2021-07-11 23:35:17.850488,0.00005700,0.00005700,0.00005700,0.00005700
16,BTC_ETH,5 min,2021-07-11 23:35:47.622094,0.06275947,0.06266597,0.06280232,0.06268447
17,BTC_ARDR,5 min,2021-07-11 23:35:15.368893,0.00000483,0.00000483,0.00000483,0.00000483
18,BTC_AVA,5 min,2021-07-11 23:35:47.031640,0.00006424,0.00006424,0.00006424,0.00006424
19,BTC_INJ,5 min,2021-07-11 23:35:44.665726,0.00020492,0.00020492,0.00020492,0.00020492
20,BTC_LTC,5 min,2021-07-11 23:35:38.606371,0.00395629,0.00395289,0.00395820,0.00395289
21,BTC_ETC,5 min,2021-07-11 23:35:29.604279,0.00144434,0.00144434,0.00144434,0.00144434
22,BTC_DASH,5 min,2021-07-11 23:35:34.926007,0.00378924,0.00378924,0.00380918,0.00380918
23,BTC_DOGE,5 min,2021-07-11 23:35:48.131619,0.00000632,0.00000631,0.00000632,0.00000631
24,BTC_XRP,5 min,2021-07-11 23:35:00.105564,0.00001874,0.00001874,0.00001876,0.00001875
25,BTC_LSK,5 min,2021-07-11 23:35:49.354823,0.00007601,0.00007601,0.00007601,0.00007601
26,BTC_TRX,5 min,2021-07-11 23:35:00.221960,0.00000183,0.00000182,0.00000183,0.00000182
27,BTC_ZEC,5 min,2021-07-11 23:34:46.491640,0.00325149,0.00325149,0.00325149,0.00325149
28,BTC_AAVE,5 min,2021-07-11 23:35:46.447647,0.00894853,0.00894203,0.00894854,0.00894854
29,BTC_KLV,5 min,2021-07-11 23:35:01.520051,0.00000143,0.00000143,0.00000146,0.00000143
30,BTC_WRX,5 min,2021-07-11 23:35:49.366254,0.00003251,0.00003251,0.00003251,0.00003251
31,BTC_OMG,5 min,2021-07-11 23:32:24.747051,0.00012278,0.00012278,0.00012278,0.00012278
32,BTC_WBTC,5 min,2021-07-11 23:35:48.244714,0.99793994,0.99793994,0.99793994,0.99793994
33,BTC_SAND,5 min,2021-07-11 23:35:47.652578,0.00001350,0.00001350,0.00001350,0.00001350
34,BTC_FIL,5 min,2021-07-11 23:35:25.887677,0.00160627,0.00160627,0.00160627,0.00160627
35,BTC_FRONT,5 min,2021-07-11 23:35:48.246436,0.00002323,0.00002323,0.00002323,0.00002323
36,BTC_NEO,5 min,2021-07-11 23:35:48.733395,0.00100798,0.00100798,0.00100798,0.00100798
37,BTC_POLY,5 min,2021-07-11 23:35:17.811745,0.00000559,0.00000559,0.00000559,0.00000559
38,BTC_KNC,5 min,2021-07-11 23:32:48.370752,0.00004424,0.00004424,0.00004424,0.00004424
39,BTC_SWAP,5 min,2021-07-11 23:35:48.828250,0.00002401,0.00002401,0.00002401,0.00002401
40,BTC_MANA,5 min,2021-07-11 23:35:39.822336,0.00002103,0.00002103,0.00002103,0.00002103
41,BTC_CHR,5 min,2021-07-11 23:35:19.678402,0.00000515,0.00000513,0.00000515,0.00000515
42,BTC_BAT,5 min,2021-07-11 23:35:07.759205,0.00001657,0.00001653,0.00001658,0.00001658
43,BTC_BCHSV,5 min,2021-07-11 23:33:12.302712,0.00412184,0.00412184,0.00412184,0.00412184
44,BTC_XEM,5 min,2021-07-11 23:33:53.536098,0.00000357,0.00000357,0.00000358,0.00000358
45,BTC_NMR,5 min,2021-07-11 23:35:37.422557,0.00092364,0.00092364,0.00092364,0.00092364
46,BTC_LPT,5 min,2021-07-11 23:35:10.773732,0.00045893,0.00045893,0.00045893,0.00045893
47,BTC_ZRX,5 min,2021-07-11 23:35:22.087141,0.00002264,0.00002264,0.00002264,0.00002264
48,BTC_GAS,5 min,2021-07-11 23:35:44.044055,0.00017697,0.00017697,0.00017697,0.00017697
49,BTC_STR,5 min,2021-07-11 23:35:26.381112,0.00000725,0.00000725,0.00000727,0.00000725
50,BTC_HGET,5 min,2021-07-11 23:29:28.496645,0.00013187,0.00013187,0.00013187,0.00013187
51,BTC_FARM,5 min,2021-07-11 23:35:49.371524,0.00199729,0.00199729,0.00199729,0.00199729
52,BTC_DCR,5 min,2021-07-11 23:32:34.412269,0.00398889,0.00398889,0.00398889,0.00398889
53,BTC_XTZ,5 min,2021-07-11 23:35:40.407366,0.00008461,0.00008461,0.00008461,0.00008461
54,BTC_CVC,5 min,2021-07-11 23:32:01.720458,0.00000714,0.00000714,0.00000714,0.00000714
55,BTC_REPV2,5 min,2021-07-11 23:31:51.989173,0.00044750,0.00044750,0.00044750,0.00044750
56,BTC_LRC,5 min,2021-07-11 23:35:15.967465,0.00000685,0.00000685,0.00000685,0.00000685
57,BTC_GLM,5 min,2021-07-11 23:32:49.031797,0.00000911,0.00000911,0.00000911,0.00000911
0,BTC_STEEM,1 min,2021-07-11 23:36:17.117962,0.00001211,0.00001202,0.00001211,0.00001211
1,BTC_EOS,1 min,2021-07-11 23:36:18.448701,0.00012629,0.00012559,0.00012719,0.00012628
2,BTC_ATOM,1 min,2021-07-11 23:36:18.460883,0.00040401,0.00040401,0.00040401,0.00040401
3,BTC_MATIC,1 min,2021-07-11 23:36:10.326933,0.00003041,0.00003041,0.00003041,0.00003041
4,BTC_BCH,1 min,2021-07-11 23:36:18.587611,0.01462316,0.01462316,0.01462316,0.01462316
5,BTC_DOT,1 min,2021-07-11 23:36:16.069739,0.00045228,0.00045213,0.00045314,0.00045218
6,BTC_TRU,1 min,2021-07-11 23:36:18.641315,0.00000440,0.00000440,0.00000440,0.00000440
7,BTC_XMR,1 min,2021-07-11 23:36:08.289306,0.00624703,0.00624609,0.00624711,0.00624609
8,BTC_SNX,1 min,2021-07-11 23:36:18.465791,0.00039001,0.00039000,0.00039809,0.00039149
9,BTC_MKR,1 min,2021-07-11 23:36:11.647542,0.07760343,0.07760343,0.07760343,0.07760343
10,BTC_SWINGBY,1 min,2021-07-11 23:32:42.619152,0.00000247,0.00000247,0.00000247,0.00000247
11,BTC_SENSO,1 min,2021-07-11 23:36:12.345236,0.00002604,0.00002600,0.00002606,0.00002606
12,BTC_QTUM,1 min,2021-07-11 23:36:05.864436,0.00020067,0.00019960,0.00020067,0.00020067
13,BTC_LINK,1 min,2021-07-11 23:36:18.464410,0.00053839,0.00053828,0.00053933,0.00053839
14,BTC_REN,1 min,2021-07-11 23:35:44.658534,0.00001074,0.00001074,0.00001074,0.00001074
15,BTC_SXP,1 min,2021-07-11 23:36:18.574474,0.00005700,0.00005700,0.00005700,0.00005700
16,BTC_ETH,1 min,2021-07-11 23:36:18.442609,0.06266597,0.06266597,0.06280232,0.06268447
17,BTC_ARDR,1 min,2021-07-11 23:35:15.368893,0.00000483,0.00000483,0.00000483,0.00000483
18,BTC_AVA,1 min,2021-07-11 23:36:18.563017,0.00006424,0.00006424,0.00006424,0.00006424
19,BTC_INJ,1 min,2021-07-11 23:36:17.882854,0.00020492,0.00020492,0.00020492,0.00020492
20,BTC_LTC,1 min,2021-07-11 23:36:14.144796,0.00395445,0.00395159,0.00395820,0.00395159
21,BTC_ETC,1 min,2021-07-11 23:35:29.604279,0.00144434,0.00144434,0.00144434,0.00144434
22,BTC_DASH,1 min,2021-07-11 23:35:51.659102,0.00380918,0.00378924,0.00380918,0.00380918
23,BTC_DOGE,1 min,2021-07-11 23:36:06.566957,0.00000632,0.00000631,0.00000632,0.00000631
24,BTC_XRP,1 min,2021-07-11 23:36:06.574444,0.00001875,0.00001874,0.00001876,0.00001875
25,BTC_LSK,1 min,2021-07-11 23:36:16.018065,0.00007601,0.00007601,0.00007601,0.00007601
26,BTC_TRX,1 min,2021-07-11 23:36:07.115252,0.00000182,0.00000182,0.00000183,0.00000182
27,BTC_ZEC,1 min,2021-07-11 23:35:58.776666,0.00325149,0.00325149,0.00325149,0.00325149
28,BTC_AAVE,1 min,2021-07-11 23:36:17.256566,0.00894854,0.00893801,0.00894854,0.00893801
29,BTC_KLV,1 min,2021-07-11 23:36:07.835921,0.00000143,0.00000143,0.00000146,0.00000143
30,BTC_WRX,1 min,2021-07-11 23:36:18.572574,0.00003251,0.00003251,0.00003251,0.00003251
31,BTC_OMG,1 min,2021-07-11 23:32:24.747051,0.00012278,0.00012278,0.00012278,0.00012278
32,BTC_WBTC,1 min,2021-07-11 23:36:12.958443,0.99793994,0.99793994,0.99793994,0.99793994
33,BTC_SAND,1 min,2021-07-11 23:36:17.882004,0.00001350,0.00001350,0.00001350,0.00001350
34,BTC_FIL,1 min,2021-07-11 23:35:25.887677,0.00160627,0.00160627,0.00160627,0.00160627
35,BTC_FRONT,1 min,2021-07-11 23:36:18.636756,0.00002323,0.00002323,0.00002323,0.00002323
36,BTC_NEO,1 min,2021-07-11 23:36:10.328080,0.00100798,0.00100798,0.00100798,0.00100798
37,BTC_POLY,1 min,2021-07-11 23:35:57.549045,0.00000559,0.00000559,0.00000559,0.00000559
38,BTC_KNC,1 min,2021-07-11 23:32:48.370752,0.00004424,0.00004424,0.00004424,0.00004424
39,BTC_SWAP,1 min,2021-07-11 23:35:48.828250,0.00002401,0.00002401,0.00002401,0.00002401
40,BTC_MANA,1 min,2021-07-11 23:35:39.822336,0.00002103,0.00002103,0.00002103,0.00002103
41,BTC_CHR,1 min,2021-07-11 23:36:09.038237,0.00000515,0.00000513,0.00000515,0.00000515
42,BTC_BAT,1 min,2021-07-11 23:36:11.620872,0.00001658,0.00001653,0.00001658,0.00001658
43,BTC_BCHSV,1 min,2021-07-11 23:33:12.302712,0.00412184,0.00412184,0.00412184,0.00412184
44,BTC_XEM,1 min,2021-07-11 23:33:53.536098,0.00000358,0.00000357,0.00000358,0.00000358
45,BTC_NMR,1 min,2021-07-11 23:36:03.292626,0.00092364,0.00092364,0.00092364,0.00092364
46,BTC_LPT,1 min,2021-07-11 23:35:59.489000,0.00045893,0.00045893,0.00045893,0.00045893
47,BTC_ZRX,1 min,2021-07-11 23:36:01.390764,0.00002264,0.00002264,0.00002264,0.00002264
48,BTC_GAS,1 min,2021-07-11 23:35:44.044055,0.00017697,0.00017697,0.00017697,0.00017697
49,BTC_STR,1 min,2021-07-11 23:35:26.381112,0.00000725,0.00000725,0.00000727,0.00000725
50,BTC_HGET,1 min,2021-07-11 23:29:28.496645,0.00013187,0.00013187,0.00013187,0.00013187
51,BTC_FARM,1 min,2021-07-11 23:36:18.637925,0.00199729,0.00199729,0.00199729,0.00199729
52,BTC_DCR,1 min,2021-07-11 23:35:57.363085,0.00398889,0.00398889,0.00398889,0.00398889
53,BTC_XTZ,1 min,2021-07-11 23:36:01.499400,0.00008461,0.00008461,0.00008461,0.00008461
54,BTC_CVC,1 min,2021-07-11 23:32:01.720458,0.00000714,0.00000714,0.00000714,0.00000714
55,BTC_REPV2,1 min,2021-07-11 23:31:51.989173,0.00044750,0.00044750,0.00044750,0.00044750
56,BTC_LRC,1 min,2021-07-11 23:36:07.134411,0.00000685,0.00000685,0.00000685,0.00000685
57,BTC_GLM,1 min,2021-07-11 23:32:49.031797,0.00000911,0.00000911,0.00000911,0.00000911
